{"cameraMode":{"drawMode":0,"name":"Shaded","section":"Shading Mode"},"sceneLighting":true,"audioPlay":false,"sceneViewState":{"showFog":true,"showMaterialUpdate":false,"showSkybox":true,"showFlares":true,"showImageEffects":true,"showParticleSystems":true},"in2DMode":false,"pivot":{"x":1.238882303237915,"y":3.127504825592041,"z":1.0731372833251954},"rotation":{"x":0.21478869020938874,"y":0.09419317543506623,"z":-0.020822126418352128,"w":0.9719189405441284},"size":14.208222389221192,"orthographic":false}