{"cameraMode":{"drawMode":0,"name":"Shaded","section":"Shading Mode"},"sceneLighting":true,"audioPlay":false,"sceneViewState":{"showFog":true,"showMaterialUpdate":false,"showSkybox":true,"showFlares":true,"showImageEffects":true,"showParticleSystems":true},"in2DMode":false,"pivot":{"x":-0.23750782012939454,"y":0.13910949230194093,"z":-0.4857628345489502},"rotation":{"x":0.1929323673248291,"y":0.42540717124938967,"z":-0.09334961324930191,"w":0.8792859315872192},"size":1.4795873165130616,"orthographic":false}