{"cameraMode":{"drawMode":0,"name":"Shaded","section":"Shading Mode"},"sceneLighting":true,"audioPlay":false,"sceneViewState":{"showFog":true,"showMaterialUpdate":false,"showSkybox":true,"showFlares":true,"showImageEffects":true,"showParticleSystems":true},"in2DMode":false,"pivot":{"x":-29.913028717041017,"y":6.568267345428467,"z":-0.8436112403869629},"rotation":{"x":0.10639775544404984,"y":0.8122586011886597,"z":-0.15663468837738038,"w":0.5517506003379822},"size":18.16562843322754,"orthographic":false}