{"cameraMode":{"drawMode":0,"name":"Shaded","section":"Shading Mode"},"sceneLighting":true,"audioPlay":false,"sceneViewState":{"showFog":true,"showMaterialUpdate":false,"showSkybox":true,"showFlares":true,"showImageEffects":true,"showParticleSystems":true},"in2DMode":false,"pivot":{"x":-8.042723655700684,"y":-3.00042462348938,"z":-1.8189085721969605},"rotation":{"x":-0.14574842154979707,"y":0.7626599073410034,"z":-0.18446499109268189,"w":-0.6026097536087036},"size":19.329784393310548,"orthographic":false}