{"cameraMode":{"drawMode":0,"name":"Shaded","section":"Shading Mode"},"sceneLighting":true,"audioPlay":false,"sceneViewState":{"showFog":true,"showMaterialUpdate":false,"showSkybox":true,"showFlares":true,"showImageEffects":true,"showParticleSystems":true},"in2DMode":false,"pivot":{"x":1.191789150238037,"y":3.2201194763183595,"z":1.035754680633545},"rotation":{"x":0.22729645669460298,"y":0.4392969012260437,"z":-0.11592896282672882,"w":0.8613758683204651},"size":7.771584510803223,"orthographic":false}