{"cameraMode":{"drawMode":0,"name":"Shaded","section":"Shading Mode"},"sceneLighting":true,"audioPlay":false,"sceneViewState":{"showFog":true,"showMaterialUpdate":false,"showSkybox":true,"showFlares":true,"showImageEffects":true,"showParticleSystems":true},"in2DMode":false,"pivot":{"x":3.037489175796509,"y":4.254141807556152,"z":0.8066549301147461},"rotation":{"x":0.2611246109008789,"y":0.10544206947088242,"z":-0.028709804639220239,"w":0.9591290354728699},"size":9.450394630432129,"orthographic":false}