{"cameraMode":{"drawMode":0,"name":"Shaded","section":"Shading Mode"},"sceneLighting":true,"audioPlay":false,"sceneViewState":{"showFog":true,"showMaterialUpdate":false,"showSkybox":true,"showFlares":true,"showImageEffects":true,"showParticleSystems":true},"in2DMode":false,"pivot":{"x":2.512409210205078,"y":0.9734055995941162,"z":2.5590291023254396},"rotation":{"x":0.14209666848182679,"y":0.19668400287628175,"z":-0.028820116072893144,"w":0.9697102308273315},"size":9.076443672180176,"orthographic":false}