{"cameraMode":{"drawMode":0,"name":"Shaded","section":"Shading Mode"},"sceneLighting":true,"audioPlay":false,"sceneViewState":{"showFog":true,"showMaterialUpdate":false,"showSkybox":true,"showFlares":true,"showImageEffects":true,"showParticleSystems":true},"in2DMode":false,"pivot":{"x":0.8383715152740479,"y":0.17864322662353517,"z":0.11961710453033447},"rotation":{"x":0.29789623618125918,"y":0.49577343463897707,"z":-0.18594512343406678,"w":0.7943078279495239},"size":2.409453868865967,"orthographic":false}