{"cameraMode":{"drawMode":0,"name":"Shaded","section":"Shading Mode"},"sceneLighting":true,"audioPlay":false,"sceneViewState":{"showFog":true,"showMaterialUpdate":false,"showSkybox":true,"showFlares":true,"showImageEffects":true,"showParticleSystems":true},"in2DMode":false,"pivot":{"x":0.6207051277160645,"y":1.539449691772461,"z":3.867445945739746},"rotation":{"x":0.20274676382541657,"y":-0.20394077897071839,"z":0.04321683198213577,"w":0.9568130373954773},"size":11.394150733947754,"orthographic":false}