{"cameraMode":{"drawMode":0,"name":"Shaded","section":"Shading Mode"},"sceneLighting":true,"audioPlay":false,"sceneViewState":{"showFog":true,"showMaterialUpdate":false,"showSkybox":true,"showFlares":true,"showImageEffects":true,"showParticleSystems":true},"in2DMode":false,"pivot":{"x":-0.0336165726184845,"y":-1.2175273895263672,"z":-1.8876566886901856},"rotation":{"x":0.005116065498441458,"y":0.9374111294746399,"z":-0.34803506731987,"w":0.013756622560322285},"size":7.59596586227417,"orthographic":false}