{"cameraMode":{"drawMode":0,"name":"Shaded","section":"Shading Mode"},"sceneLighting":true,"audioPlay":false,"sceneViewState":{"showFog":true,"showMaterialUpdate":false,"showSkybox":true,"showFlares":true,"showImageEffects":true,"showParticleSystems":true},"in2DMode":false,"pivot":{"x":0.2154759168624878,"y":-0.07311773300170899,"z":-0.6445193290710449},"rotation":{"x":0.33276185393333437,"y":0.11756973713636399,"z":-0.04185560345649719,"w":0.9347586631774902},"size":5.328282356262207,"orthographic":false}