{"cameraMode":{"drawMode":0,"name":"Shaded","section":"Shading Mode"},"sceneLighting":true,"audioPlay":false,"sceneViewState":{"showFog":true,"showMaterialUpdate":false,"showSkybox":true,"showFlares":true,"showImageEffects":true,"showParticleSystems":true},"in2DMode":false,"pivot":{"x":-2.0286874771118166,"y":5.361706733703613,"z":0.5176076889038086},"rotation":{"x":0.16704188287258149,"y":0.044963739812374118,"z":-0.007621896918863058,"w":0.984929621219635},"size":11.28409194946289,"orthographic":false}