{"cameraMode":{"drawMode":0,"name":"Shaded","section":"Shading Mode"},"sceneLighting":true,"audioPlay":false,"sceneViewState":{"showFog":true,"showMaterialUpdate":false,"showSkybox":true,"showFlares":true,"showImageEffects":true,"showParticleSystems":true},"in2DMode":false,"pivot":{"x":-4.504666328430176,"y":-4.327587604522705,"z":-3.736304759979248},"rotation":{"x":-0.09419435262680054,"y":0.8932890892028809,"z":-0.22173917293548585,"w":-0.3794669806957245},"size":10.406905174255371,"orthographic":false}