{"cameraMode":{"drawMode":0,"name":"Shaded","section":"Shading Mode"},"sceneLighting":true,"audioPlay":false,"sceneViewState":{"showFog":true,"showMaterialUpdate":false,"showSkybox":true,"showFlares":true,"showImageEffects":true,"showParticleSystems":true},"in2DMode":false,"pivot":{"x":-0.30280351638793948,"y":0.22673451900482179,"z":0.16061551868915559},"rotation":{"x":0.10492409020662308,"y":-0.6328960061073303,"z":0.08713410794734955,"w":0.7621606588363648},"size":2.1094539165496828,"orthographic":false}